id,text
1234567,"Untersuchungen: Röntgen Thorax
 Beurteilung: Regelrechte Belüftung beider Lungenflügel. Kein Nachweis einer Infiltration oder eines Pleuraergusses. Herzgröße im Normbereich. Keine Zeichen einer Stauung. Zwerchfell und knöcherne Thoraxstrukturen unauffällig. Kein Nachweis eines Pneumothorax."
2234567,"Untersuchungen: CT Abdomen
 Beurteilung: Leber von regelrechter Größe, homogener Dichte ohne fokale Läsionen. Gallenblase unauffällig, kein Nachweis von Konkrementen. Pankreas ohne Nachweis pathologischer Raumforderungen. Nieren beidseits normwertig, kein Nachweis von Harnstau oder Nephrolithiasis. Keine freie Flüssigkeit oder pathologisch vergrößerte Lymphknoten im Abdomen."
3234567,"Untersuchungen: MRT Knie
 Beurteilung: Mediales Meniskushinterhorn mit signalintensiver Strukturveränderung, vereinbar mit einer Meniskusdegeneration. Kein Nachweis eines Meniskusrisses. Ligamenta cruciata intakt. Keine relevante Gelenkergussbildung. Knorpelüberzüge regelrecht erhalten, kein Nachweis einer osteochondralen Läsion."
4234567,"Untersuchungen: CT Schädel
 Beurteilung: Keine Hinweise auf eine akute Blutung. Ventrikelsystem regelrecht konfiguriert, keine Zeichen eines Hydrozephalus. Keine raumfordernde Läsion oder Mittellinienverlagerung. Kalzifikationen in der A. carotis interna beidseits nachweisbar, vereinbar mit atherosklerotischen Veränderungen."
5234567,"Untersuchungen: Sonographie Abdomen
 Beurteilung: Leber, Milz und Pankreas unauffällig. Keine Nachweise von Raumforderungen oder auffälligen Parenchymveränderungen. Gallenblase nicht aufgedehnt, keine Wandverdickung oder Konkremente. Keine Dilatation der intra- oder extrahepatischen Gallenwege. Nieren unauffällig. Keine freie Flüssigkeit im Abdomen."
